{
    "automation_rate": 0.23457943925233646,
    "reassignment_rate": 0.7654205607476635,
    "avg_response_time_hours": 4.218559169601948,
    "email_success_rate": 0.23457943925233646,
    "fax_success_rate": NaN
}