{
    "verdict": true,
    "mb_yield": 0.13216443837399153,
    "ctl_yield": 0.0,
    "diff_pp": 13.216443837399153,
    "p_value": 0.0,
    "reason": "OK"
}